City_ID,City,Lat,Lng,Max Temp,Humidity,Cloudiness,Wind Speed,Country,Current Description,Date
0,Strezhevoy,60.7333,77.5889,10.4,67,0,8.95,RU,clear sky,2021-04-18 18:42:17
1,Ewa Beach,21.3156,-158.0072,75.99,64,1,8.05,US,clear sky,2021-04-18 18:39:59
2,Hobart,-42.8794,147.3294,55.4,58,100,11.5,AU,overcast clouds,2021-04-18 18:38:24
3,Hilo,19.7297,-155.09,73.99,68,1,3.44,US,clear sky,2021-04-18 18:42:17
4,Rikitea,-23.1203,-134.9692,77.32,74,0,8.5,PF,clear sky,2021-04-18 18:42:17
5,Bredasdorp,-34.5322,20.0403,68.0,52,7,8.05,ZA,clear sky,2021-04-18 18:42:18
6,Oistins,13.0667,-59.5333,86.0,51,40,24.16,BB,scattered clouds,2021-04-18 18:42:18
7,Polson,47.6936,-114.1632,66.99,44,97,5.99,US,overcast clouds,2021-04-18 18:42:18
8,Kapaa,22.0752,-159.319,73.99,68,75,9.22,US,broken clouds,2021-04-18 18:42:19
9,Nikolskoye,59.7035,30.7861,50.0,43,0,11.18,RU,clear sky,2021-04-18 18:42:19
10,Iqaluit,63.7506,-68.5145,19.4,68,75,3.44,CA,broken clouds,2021-04-18 18:42:20
11,Mataura,-46.1927,168.8643,54.0,84,93,5.01,NZ,overcast clouds,2021-04-18 18:42:20
12,Ushuaia,-54.8,-68.3,57.2,51,40,3.44,AR,scattered clouds,2021-04-18 18:41:36
13,Barrow,71.2906,-156.7887,19.4,86,1,11.5,US,clear sky,2021-04-18 18:42:20
14,New Norfolk,-42.7826,147.0587,55.0,76,100,1.01,AU,overcast clouds,2021-04-18 18:42:22
15,Komsomolskiy,40.4272,71.7189,57.2,62,8,6.91,UZ,clear sky,2021-04-18 18:42:22
16,Vaini,-21.2,-175.2,68.0,88,20,2.3,TO,few clouds,2021-04-18 18:42:22
17,Tiksi,71.6872,128.8694,5.74,88,100,11.81,RU,overcast clouds,2021-04-18 18:42:22
18,Lagoa,39.05,-27.9833,60.91,87,97,10.85,PT,overcast clouds,2021-04-18 18:42:23
19,Butembo,0.15,29.2833,62.58,81,51,4.9,CD,broken clouds,2021-04-18 18:42:23
20,Berlevag,70.8578,29.0864,39.2,65,0,4.61,NO,clear sky,2021-04-18 18:42:23
21,Thinadhoo,0.5333,72.9333,82.67,64,97,5.97,MV,overcast clouds,2021-04-18 18:42:24
22,Crestview,30.7621,-86.5705,73.99,49,90,6.91,US,overcast clouds,2021-04-18 18:39:51
23,Emba,48.8264,58.1442,56.34,77,98,11.48,KZ,overcast clouds,2021-04-18 18:42:24
24,Cape Town,-33.9258,18.4232,69.01,82,0,11.5,ZA,clear sky,2021-04-18 18:41:10
25,Albany,42.6001,-73.9662,57.0,54,75,13.8,US,broken clouds,2021-04-18 18:41:11
26,Ponta Do Sol,32.6667,-17.1,66.2,72,20,9.22,PT,few clouds,2021-04-18 18:42:25
27,Jambi,-1.6,103.6167,73.85,94,85,2.15,ID,overcast clouds,2021-04-18 18:42:25
28,Castro,-24.7911,-50.0119,68.49,69,73,6.76,BR,broken clouds,2021-04-18 18:42:25
29,Hermanus,-34.4187,19.2345,66.0,78,14,1.99,ZA,few clouds,2021-04-18 18:42:26
30,Cidreira,-30.1811,-50.2056,71.98,78,62,14.61,BR,broken clouds,2021-04-18 18:42:26
31,La Ronge,55.1001,-105.2842,32.0,40,63,12.66,CA,broken clouds,2021-04-18 18:42:26
32,Atuona,-9.8,-139.0333,81.28,72,17,16.75,PF,few clouds,2021-04-18 18:42:27
33,Sitka,57.0531,-135.33,53.6,58,1,3.44,US,clear sky,2021-04-18 18:42:27
34,Avarua,-21.2078,-159.775,78.8,83,75,10.36,CK,light rain,2021-04-18 18:42:27
35,Acatlan,20.15,-98.45,72.23,38,3,4.99,MX,clear sky,2021-04-18 18:42:28
36,Bluff,-46.6,168.3333,54.0,84,62,5.01,NZ,broken clouds,2021-04-18 18:42:28
37,Torbay,47.6666,-52.7314,37.99,100,90,17.27,CA,light rain,2021-04-18 18:42:28
38,Puerto Ayora,-0.7393,-90.3518,82.4,74,75,9.22,EC,light rain,2021-04-18 18:40:57
39,Paracuru,-3.41,-39.0306,81.0,77,77,21.99,BR,broken clouds,2021-04-18 18:42:29
40,Olafsvik,64.8945,-23.7142,36.36,63,100,29.08,IS,overcast clouds,2021-04-18 18:42:29
41,Hualmay,-11.0964,-77.6139,72.61,74,99,8.5,PE,overcast clouds,2021-04-18 18:42:29
42,Dikson,73.5069,80.5464,-8.23,100,100,2.24,RU,overcast clouds,2021-04-18 18:42:30
43,Jamestown,42.097,-79.2353,57.0,50,90,4.61,US,overcast clouds,2021-04-18 18:38:40
44,Tyrma,50.0833,132.1667,28.71,95,53,1.25,RU,broken clouds,2021-04-18 18:42:30
45,Richards Bay,-28.783,32.0377,69.39,68,0,13.91,ZA,clear sky,2021-04-18 18:42:31
46,Palmer,42.1584,-72.3287,60.01,36,75,11.5,US,broken clouds,2021-04-18 18:42:31
47,Lavrentiya,65.5833,-171.0,21.36,94,100,2.91,RU,overcast clouds,2021-04-18 18:42:31
48,Sao Filipe,14.8961,-24.4956,72.79,76,1,12.71,CV,clear sky,2021-04-18 18:42:32
49,Sao Joao Da Barra,-21.6403,-41.0511,86.0,51,40,3.44,BR,scattered clouds,2021-04-18 18:42:32
50,Mar Del Plata,-38.0023,-57.5575,78.01,68,75,9.22,AR,broken clouds,2021-04-18 18:38:24
51,Seoul,37.5683,126.9778,42.8,87,0,4.61,KR,clear sky,2021-04-18 18:39:59
52,Normandin,48.8333,-72.5321,51.8,50,100,2.3,CA,overcast clouds,2021-04-18 18:42:33
53,Busselton,-33.65,115.3333,51.01,88,94,7.05,AU,overcast clouds,2021-04-18 18:42:33
54,Marzuq,14.4,46.4667,70.72,55,72,5.79,YE,broken clouds,2021-04-18 18:42:33
55,Punta Arenas,-53.15,-70.9167,48.2,81,0,5.75,CL,clear sky,2021-04-18 18:42:34
56,Wanaka,-44.7,169.15,47.08,88,100,5.95,NZ,light rain,2021-04-18 18:38:00
57,Norman Wells,65.282,-126.8329,39.2,56,1,2.3,CA,clear sky,2021-04-18 18:42:17
58,Pevek,69.7008,170.3133,18.55,84,100,19.19,RU,overcast clouds,2021-04-18 18:42:34
59,East London,-33.0153,27.9116,69.8,60,0,5.75,ZA,clear sky,2021-04-18 18:38:15
60,Faanui,-16.4833,-151.75,82.38,70,8,14.09,PF,clear sky,2021-04-18 18:42:34
61,Chuy,-33.6971,-53.4616,71.65,63,0,9.64,UY,clear sky,2021-04-18 18:42:35
62,Beni,0.5,29.4667,69.13,75,99,3.2,CD,overcast clouds,2021-04-18 18:42:35
63,Arraial Do Cabo,-22.9661,-42.0278,78.8,78,0,10.36,BR,clear sky,2021-04-18 18:42:35
64,Saint George,37.1041,-113.5841,68.0,16,1,4.61,US,clear sky,2021-04-18 18:40:32
65,Bang Saphan,11.2126,99.5117,75.81,92,100,4.05,TH,overcast clouds,2021-04-18 18:42:36
66,Dukat,62.55,155.55,12.97,87,21,1.59,RU,few clouds,2021-04-18 18:42:36
67,San Juan De Abajo,20.8167,-105.1833,78.8,61,1,12.66,MX,clear sky,2021-04-18 18:42:37
68,Port Alfred,-33.5906,26.891,74.34,44,0,4.9,ZA,clear sky,2021-04-18 18:42:37
69,Alizai,33.5383,70.3462,63.68,62,75,1.7,PK,broken clouds,2021-04-18 18:42:37
70,Tucupita,9.0622,-62.051,92.25,35,83,11.56,VE,broken clouds,2021-04-18 18:42:38
71,Luxor,25.6989,32.6421,96.8,19,0,11.5,EG,clear sky,2021-04-18 18:42:38
72,Kachug,53.9606,105.8817,26.89,66,99,2.17,RU,overcast clouds,2021-04-18 18:42:38
73,Ayan,56.45,138.1667,27.39,96,100,9.1,RU,light snow,2021-04-18 18:42:39
74,Ngunguru,-35.6167,174.5,54.0,92,88,4.34,NZ,overcast clouds,2021-04-18 18:42:39
75,Gizo,-8.103,156.8419,82.63,72,100,3.4,SB,light rain,2021-04-18 18:42:39
76,Leningradskiy,69.3833,178.4167,18.36,81,2,7.63,RU,clear sky,2021-04-18 18:42:40
77,Haines Junction,60.7522,-137.5108,44.6,33,78,1.14,CA,broken clouds,2021-04-18 18:42:40
78,Luwuk,-0.9516,122.7875,75.6,87,100,2.62,ID,light rain,2021-04-18 18:42:40
79,Fortuna,40.5982,-124.1573,64.0,82,1,13.8,US,clear sky,2021-04-18 18:42:41
80,Sompeta,18.9333,84.6,79.61,85,5,13.62,IN,clear sky,2021-04-18 18:42:41
81,Vanimo,-2.6741,141.3028,76.1,87,100,2.15,PG,overcast clouds,2021-04-18 18:42:41
82,Labuhan,-6.8844,112.2051,77.18,86,100,5.66,ID,overcast clouds,2021-04-18 18:42:42
83,Lanzhou,36.0564,103.7922,53.6,40,0,13.42,CN,clear sky,2021-04-18 18:42:42
84,Itarema,-2.9248,-39.9167,82.11,75,100,11.39,BR,overcast clouds,2021-04-18 18:42:42
85,Adrar,20.5022,-10.0711,84.34,8,0,8.05,MR,clear sky,2021-04-18 18:42:43
86,Hithadhoo,-0.6,73.0833,82.72,62,9,5.5,MV,clear sky,2021-04-18 18:42:43
87,Provideniya,64.3833,-173.3,28.22,88,100,3.04,RU,overcast clouds,2021-04-18 18:42:44
88,Tessalit,20.1986,1.0114,90.66,10,4,11.5,ML,clear sky,2021-04-18 18:42:44
89,Baraki Barak,33.9675,68.9486,52.99,36,69,2.13,AF,broken clouds,2021-04-18 18:42:44
90,Banda Aceh,5.5577,95.3222,80.65,80,85,12.33,ID,overcast clouds,2021-04-18 18:42:45
91,Hobyo,5.3505,48.5268,83.43,66,15,12.57,SO,few clouds,2021-04-18 18:42:45
92,Saskylakh,71.9167,114.0833,-3.96,97,97,6.49,RU,overcast clouds,2021-04-18 18:42:45
93,Ndungu,-4.3667,38.05,69.49,95,84,4.54,TZ,broken clouds,2021-04-18 18:42:46
94,Pascagoula,30.3658,-88.5561,71.6,53,1,8.05,US,clear sky,2021-04-18 18:42:46
95,Victoria,22.2855,114.1577,72.0,78,100,3.0,HK,overcast clouds,2021-04-18 18:38:06
96,Gravdal,68.1214,13.5031,46.4,49,0,8.05,NO,clear sky,2021-04-18 18:42:46
97,Brumado,-14.2036,-41.6653,80.96,53,98,4.52,BR,overcast clouds,2021-04-18 18:42:47
98,Usolye,59.4268,56.6808,24.01,37,45,4.45,RU,scattered clouds,2021-04-18 18:42:47
99,Swanzey,42.8698,-72.2818,55.99,54,90,10.36,US,overcast clouds,2021-04-18 18:42:47
100,Tripoli,32.8752,13.1875,60.31,74,0,8.57,LY,clear sky,2021-04-18 18:38:33
101,Gat,31.61,34.7642,82.0,38,0,7.9,IL,clear sky,2021-04-18 18:42:48
102,Klaksvik,62.2266,-6.589,44.6,81,75,5.75,FO,broken clouds,2021-04-18 18:42:48
103,Aswan,24.0934,32.907,89.96,26,0,15.97,EG,clear sky,2021-04-18 18:42:50
104,Cabo San Lucas,22.8909,-109.9124,84.0,44,1,8.05,MX,clear sky,2021-04-18 18:42:50
105,Upernavik,72.7868,-56.1549,11.8,76,100,4.76,GL,overcast clouds,2021-04-18 18:42:50
106,Kodiak,57.79,-152.4072,42.8,81,90,10.36,US,light rain,2021-04-18 18:42:50
107,Otradnoye,59.7775,30.8181,50.0,43,0,11.18,RU,clear sky,2021-04-18 18:42:51
108,Qaanaaq,77.484,-69.3632,6.55,70,100,5.7,GL,overcast clouds,2021-04-18 18:42:51
109,Saint Anthony,45.0205,-93.218,62.01,36,1,9.22,US,clear sky,2021-04-18 18:42:52
110,Mount Gambier,-37.8333,140.7667,51.8,100,90,11.5,AU,mist,2021-04-18 18:42:52
111,Matanzas,23.0411,-81.5775,91.4,49,75,6.91,CU,broken clouds,2021-04-18 18:42:52
112,Butaritari,3.0707,172.7902,82.85,76,88,15.46,KI,overcast clouds,2021-04-18 18:42:53
113,Ardakan,32.31,54.0175,69.8,24,0,2.3,IR,clear sky,2021-04-18 18:42:53
114,Negara,-8.3151,114.6025,76.05,88,82,5.19,ID,broken clouds,2021-04-18 18:42:53
115,Tuktoyaktuk,69.4541,-133.0374,26.6,86,20,10.36,CA,few clouds,2021-04-18 18:42:54
116,Greymouth,-42.4667,171.2,51.75,90,45,2.15,NZ,scattered clouds,2021-04-18 18:39:14
117,Erdenet,49.0333,104.0833,32.34,52,47,3.65,MN,scattered clouds,2021-04-18 18:42:54
118,Mitsamiouli,-11.3847,43.2844,80.69,78,6,12.24,KM,light rain,2021-04-18 18:42:54
119,Chapais,49.7834,-74.8492,48.2,53,90,2.3,CA,overcast clouds,2021-04-18 18:42:55
120,Talnakh,69.4865,88.3972,-16.85,88,77,1.63,RU,broken clouds,2021-04-18 18:42:55
121,Bengkulu,-3.8004,102.2655,74.77,90,100,3.87,ID,overcast clouds,2021-04-18 18:42:55
122,Kavieng,-2.5744,150.7967,81.46,75,99,3.85,PG,overcast clouds,2021-04-18 18:42:56
123,Namibe,-15.1961,12.1522,80.56,75,5,6.38,AO,clear sky,2021-04-18 18:42:56
124,Zharkent,44.1628,80.0,61.5,39,100,6.96,KZ,overcast clouds,2021-04-18 18:42:56
125,Sola,-13.8833,167.55,82.49,72,98,6.76,VU,overcast clouds,2021-04-18 18:42:57
126,Makakilo City,21.3469,-158.0858,77.0,64,1,8.05,US,clear sky,2021-04-18 18:42:57
127,Codrington,-38.2667,141.9667,51.19,95,12,9.55,AU,few clouds,2021-04-18 18:42:58
128,Santa,17.486,120.4348,75.87,65,49,9.44,PH,scattered clouds,2021-04-18 18:42:58
129,Nivala,63.9167,24.9667,37.0,96,15,3.18,FI,few clouds,2021-04-18 18:42:58
130,Hambantota,6.1241,81.1185,78.8,94,21,4.61,LK,few clouds,2021-04-18 18:42:58
131,Christchurch,-43.5333,172.6333,55.0,100,52,2.3,NZ,broken clouds,2021-04-18 18:41:25
132,Stephenville,32.2207,-98.2023,62.6,36,40,12.66,US,scattered clouds,2021-04-18 18:42:59
133,San Jose De Guanipa,8.8872,-64.1651,94.01,27,94,15.23,VE,overcast clouds,2021-04-18 18:42:59
134,Natchitoches,31.7668,-93.1335,62.6,59,40,10.36,US,scattered clouds,2021-04-18 18:43:00
135,Sandnessjoen,66.0217,12.6316,51.8,43,0,10.36,NO,clear sky,2021-04-18 18:43:00
136,Massaguet,12.4755,15.4365,93.2,12,100,1.14,TD,overcast clouds,2021-04-18 18:43:00
137,Bethel,41.3712,-73.414,60.8,36,75,9.22,US,broken clouds,2021-04-18 18:43:00
138,Port Hardy,50.6996,-127.4199,55.4,62,1,3.44,CA,clear sky,2021-04-18 18:42:13
139,Eureka,40.8021,-124.1637,64.0,93,90,8.05,US,mist,2021-04-18 18:39:51
140,Mahebourg,-20.4081,57.7,75.2,100,75,11.5,MU,light rain,2021-04-18 18:43:01
141,Pacific Grove,36.6177,-121.9166,66.2,63,1,3.44,US,clear sky,2021-04-18 18:43:01
142,Thompson,55.7435,-97.8558,24.8,42,1,9.22,CA,clear sky,2021-04-18 18:43:02
143,Birao,10.2849,22.7882,87.33,9,95,6.02,CF,overcast clouds,2021-04-18 18:43:02
144,Geraldton,-28.7667,114.6,62.6,63,0,9.22,AU,clear sky,2021-04-18 18:43:02
145,Kilis,36.7161,37.115,66.2,59,75,1.83,TR,broken clouds,2021-04-18 18:43:03
146,Vvedenka,49.8244,36.5075,44.6,93,75,4.47,UA,light rain,2021-04-18 18:43:03
147,Tambun,-6.2641,107.0712,82.0,83,20,5.75,ID,haze,2021-04-18 18:43:03
148,Saint-Philippe,-21.3585,55.7679,75.2,78,90,11.5,RE,overcast clouds,2021-04-18 18:43:04
149,Zhicheng,30.2956,111.5047,59.0,78,87,1.79,CN,overcast clouds,2021-04-18 18:43:04
150,Yinchuan,38.4681,106.2731,58.73,16,44,5.17,CN,scattered clouds,2021-04-18 18:39:06
151,Bandiagara,14.3501,-3.6104,100.4,9,0,11.5,ML,clear sky,2021-04-18 18:43:05
152,Healesville,-37.65,145.5167,53.01,94,25,2.77,AU,scattered clouds,2021-04-18 18:43:05
153,Praia,14.9215,-23.5087,75.2,64,20,23.02,CV,few clouds,2021-04-18 18:43:08
154,Bat Khela,34.6167,71.9714,58.05,68,0,7.49,PK,clear sky,2021-04-18 18:43:09
155,Fairbanks,64.8378,-147.7164,46.4,42,1,9.22,US,clear sky,2021-04-18 18:43:09
156,Souillac,-20.5167,57.5167,75.2,100,75,11.5,MU,light rain,2021-04-18 18:43:09
157,Leirvik,59.7798,5.5005,51.8,46,0,8.05,NO,clear sky,2021-04-18 18:43:09
158,Port-Cartier,50.0334,-66.8654,41.0,65,75,8.05,CA,broken clouds,2021-04-18 18:43:10
159,Kidal,18.4411,1.4078,94.8,10,13,11.16,ML,few clouds,2021-04-18 18:43:10
160,Yaypan,40.3758,70.8156,63.86,38,7,6.58,UZ,clear sky,2021-04-18 18:43:10
161,Vardo,70.3705,31.1107,37.4,70,0,9.22,NO,clear sky,2021-04-18 18:43:11
162,Cherskiy,68.75,161.3,22.62,88,100,8.75,RU,overcast clouds,2021-04-18 18:43:11
163,Marrakesh,31.6315,-8.0083,82.4,24,20,2.3,MA,few clouds,2021-04-18 18:43:11
164,Fort Nelson,58.8053,-122.7002,41.0,81,20,2.3,CA,few clouds,2021-04-18 18:43:10
165,Vao,-22.6667,167.4833,76.86,77,17,9.73,NC,moderate rain,2021-04-18 18:43:12
166,Los Llanos De Aridane,28.6585,-17.9182,68.0,64,20,18.41,ES,few clouds,2021-04-18 18:43:12
167,Avera,33.194,-82.5271,77.0,31,1,9.22,US,clear sky,2021-04-18 18:43:13
168,Poum,-20.2333,164.0167,77.68,79,95,10.25,NC,overcast clouds,2021-04-18 18:43:13
169,Yellowknife,62.456,-114.3525,37.0,64,20,11.5,CA,few clouds,2021-04-18 18:43:13
170,Barcelona,41.3888,2.159,57.99,58,0,13.8,ES,clear sky,2021-04-18 18:43:14
171,Ust-Ilimsk,58.0006,102.6619,16.12,91,100,4.32,RU,overcast clouds,2021-04-18 18:43:14
172,Arman,59.7,150.1667,28.02,92,99,5.12,RU,overcast clouds,2021-04-18 18:43:14
173,Linjiang,41.8069,126.9078,38.32,68,3,3.69,CN,clear sky,2021-04-18 18:43:15
174,Port Elizabeth,-33.918,25.5701,64.4,63,0,2.3,ZA,clear sky,2021-04-18 18:42:45
175,Lakatoro,-16.0999,167.4164,79.68,81,52,5.7,VU,broken clouds,2021-04-18 18:43:15
176,Husavik,66.0449,-17.3389,41.0,60,75,13.8,IS,broken clouds,2021-04-18 18:43:15
177,Nioro,13.35,-15.75,101.3,11,96,3.89,GM,overcast clouds,2021-04-18 18:43:16
178,Amapa,1.0,-52.0,74.26,96,100,2.68,BR,overcast clouds,2021-04-18 18:43:16
179,Bay City,43.5945,-83.8889,59.0,29,1,8.05,US,clear sky,2021-04-18 18:43:16
180,Nacala,-14.5428,40.6728,71.4,83,2,8.05,MZ,clear sky,2021-04-18 18:43:17
181,Areosa,41.7178,-8.8571,64.0,55,0,2.3,PT,clear sky,2021-04-18 18:43:17
182,San Cristobal,7.7669,-72.225,91.4,38,40,18.41,VE,scattered clouds,2021-04-18 18:43:17
183,Donskoy,53.9711,38.3363,45.68,84,100,11.39,RU,light rain,2021-04-18 18:43:18
184,Walvis Bay,-22.9575,14.5053,87.8,33,75,21.85,NA,broken clouds,2021-04-18 18:43:18
185,Waipawa,-41.4122,175.5153,60.8,63,29,16.11,NZ,scattered clouds,2021-04-18 18:43:18
186,Airai,-8.9266,125.4092,56.68,67,100,2.17,TL,overcast clouds,2021-04-18 18:43:19
187,Esperance,-33.8667,121.9,51.8,93,0,10.36,AU,clear sky,2021-04-18 18:43:19
188,Ixtapa,20.7,-105.2,78.8,61,1,12.66,MX,clear sky,2021-04-18 18:43:19
189,Carnarvon,-24.8667,113.6333,76.01,70,0,20.24,AU,clear sky,2021-04-18 18:42:58
190,Gobabis,-22.45,18.9667,67.51,42,97,13.89,NA,overcast clouds,2021-04-18 18:43:20
191,Carai,-17.1889,-41.6947,74.57,65,96,3.94,BR,overcast clouds,2021-04-18 18:43:20
192,Nyurba,63.2842,118.3319,4.66,97,100,2.46,RU,overcast clouds,2021-04-18 18:43:20
193,Broome,42.2506,-75.833,57.0,44,40,9.22,US,scattered clouds,2021-04-18 18:43:20
194,Manokwari,-0.8667,134.0833,77.92,78,100,2.82,ID,overcast clouds,2021-04-18 18:43:21
195,Te Anau,-45.4167,167.7167,51.91,85,100,6.76,NZ,overcast clouds,2021-04-18 18:43:21
196,Chokurdakh,70.6333,147.9167,10.2,91,100,18.3,RU,overcast clouds,2021-04-18 18:43:21
197,Taltal,-25.4,-70.4833,67.84,74,28,7.67,CL,scattered clouds,2021-04-18 18:43:22
198,Tungor,53.3808,142.9564,31.19,98,100,13.56,RU,overcast clouds,2021-04-18 18:43:22
199,Paamiut,61.994,-49.6678,27.81,50,100,4.5,GL,overcast clouds,2021-04-18 18:43:23
200,Yerbogachen,61.2767,108.0108,7.02,94,49,3.85,RU,scattered clouds,2021-04-18 18:43:23
201,Karpogory,64.0019,44.4451,28.89,65,14,3.76,RU,few clouds,2021-04-18 18:43:23
202,Jalu,29.0331,21.5482,83.8,27,100,22.77,LY,overcast clouds,2021-04-18 18:42:37
203,Bereznik,62.8551,42.7072,31.87,69,2,4.38,RU,clear sky,2021-04-18 18:43:24
204,Kralendijk,12.15,-68.2667,86.0,66,20,20.71,BQ,few clouds,2021-04-18 18:43:24
205,Obihiro,42.9172,143.2044,42.04,91,100,5.19,JP,overcast clouds,2021-04-18 18:43:24
206,Ashdod,31.8167,34.65,82.4,36,0,4.61,IL,clear sky,2021-04-18 18:43:25
207,Kruisfontein,-34.0033,24.7314,68.0,42,0,1.01,ZA,clear sky,2021-04-18 18:43:25
208,Tasiilaq,65.6145,-37.6368,28.4,50,0,1.14,GL,clear sky,2021-04-18 18:43:25
209,Wajima,37.4,136.9,50.97,69,33,21.79,JP,scattered clouds,2021-04-18 18:43:26
210,Caravelas,-17.7125,-39.2481,80.92,69,7,9.01,BR,clear sky,2021-04-18 18:43:26
211,Kulu,39.0951,33.0799,56.39,72,85,4.79,TR,overcast clouds,2021-04-18 18:43:26
212,Sterling,39.0062,-77.4286,64.99,36,40,6.91,US,scattered clouds,2021-04-18 18:40:10
213,Kouango,4.9934,19.9619,76.53,71,100,2.84,CF,light rain,2021-04-18 18:43:27
214,Laguna,38.421,-121.4238,81.0,17,1,4.61,US,clear sky,2021-04-18 18:43:27
215,Ossora,59.2353,163.0719,27.34,90,100,2.95,RU,overcast clouds,2021-04-18 18:43:29
216,Furano,43.2818,142.4743,34.77,97,100,4.92,JP,light snow,2021-04-18 18:43:29
217,Saldanha,-33.0117,17.9442,68.0,68,6,8.05,ZA,clear sky,2021-04-18 18:43:29
218,Miri,4.4148,114.0089,75.2,88,20,3.44,MY,few clouds,2021-04-18 18:43:11
219,Praya,14.9215,-23.5087,75.2,64,20,23.02,CV,few clouds,2021-04-18 18:39:26
220,Ribeira Grande,38.5167,-28.7,64.4,88,20,9.22,PT,few clouds,2021-04-18 18:43:30
221,Churapcha,62.0025,132.4325,18.72,93,100,6.93,RU,overcast clouds,2021-04-18 18:43:30
222,Tarnogskiy Gorodok,60.4997,43.5761,33.13,68,7,6.53,RU,clear sky,2021-04-18 18:43:31
223,Kashary,49.04,41.0056,52.81,55,100,5.88,RU,overcast clouds,2021-04-18 18:43:31
224,Santa Rosa,14.3122,121.1114,82.4,74,20,4.61,PH,few clouds,2021-04-18 18:43:31
225,Mecca,21.4267,39.8261,84.31,35,22,24.16,SA,few clouds,2021-04-18 18:43:32
226,Bereda,43.2686,-7.5406,59.0,61,100,1.01,ES,overcast clouds,2021-04-18 18:43:32
227,Vredendal,-31.6683,18.5012,73.38,35,4,5.7,ZA,clear sky,2021-04-18 18:43:32
228,Mastic Beach,40.7668,-72.8521,62.6,34,20,6.91,US,few clouds,2021-04-18 18:43:32
229,Aykhal,66.0,111.5,-8.86,100,88,2.73,RU,overcast clouds,2021-04-18 18:43:33
230,Bundaberg,-24.85,152.35,64.0,88,2,6.91,AU,clear sky,2021-04-18 18:43:33
231,Okhotsk,59.3833,143.3,27.73,97,100,6.6,RU,light snow,2021-04-18 18:43:33
232,Kasrawad,22.1333,75.6,84.2,16,3,5.75,IN,clear sky,2021-04-18 18:39:06
233,Jacareacanga,-6.2222,-57.7528,76.69,93,100,1.72,BR,overcast clouds,2021-04-18 18:43:34
234,Rjukan,59.8789,8.5941,50.0,52,39,3.0,NO,scattered clouds,2021-04-18 18:43:34
235,Stepnyak,52.8339,70.7803,23.9,66,13,18.43,KZ,few clouds,2021-04-18 18:43:35
236,Kirakira,-10.4544,161.9205,79.66,85,49,5.26,SB,scattered clouds,2021-04-18 18:43:35
237,Kahului,20.8947,-156.47,71.6,100,40,8.05,US,light rain,2021-04-18 18:40:54
238,Bilma,18.6853,12.9164,92.05,5,11,8.46,NE,few clouds,2021-04-18 18:43:36
239,Lind,56.1,8.9833,55.0,54,7,4.61,DK,clear sky,2021-04-18 18:43:36
240,Lowestoft,52.4752,1.7516,48.99,86,0,3.0,GB,clear sky,2021-04-18 18:43:36
241,Vanavara,60.34,102.2797,20.43,85,100,8.14,RU,overcast clouds,2021-04-18 18:43:37
242,Asau,46.4333,26.4,43.0,65,100,1.14,RO,overcast clouds,2021-04-18 18:43:37
243,Clyde River,70.4692,-68.5914,6.8,85,90,11.5,CA,overcast clouds,2021-04-18 18:43:38
244,Issaquah,47.5301,-122.0326,73.0,36,100,3.29,US,overcast clouds,2021-04-18 18:41:14
245,Longyearbyen,78.2186,15.6401,30.2,74,75,5.75,SJ,broken clouds,2021-04-18 18:43:05
246,Isangel,-19.55,169.2667,77.49,86,25,7.7,VU,scattered clouds,2021-04-18 18:43:38
247,Tacoronte,28.4769,-16.4102,69.01,82,40,17.27,ES,scattered clouds,2021-04-18 18:43:38
248,Bayji,34.9311,43.487,81.9,21,5,8.08,IQ,clear sky,2021-04-18 18:43:39
249,La Paz,-16.5,-68.15,61.21,28,1,4.72,BO,clear sky,2021-04-18 18:42:19
250,North Bend,43.4065,-124.2243,54.0,93,90,3.44,US,overcast clouds,2021-04-18 18:43:39
251,Yumen,40.2833,97.2,52.84,30,100,9.8,CN,overcast clouds,2021-04-18 18:43:40
252,Katsuura,35.1333,140.3,53.01,45,0,2.68,JP,clear sky,2021-04-18 18:43:40
253,Sindou,10.6667,-5.1667,93.97,18,18,0.81,BF,few clouds,2021-04-18 18:43:40
254,Bambous Virieux,-20.3428,57.7575,77.0,100,75,11.5,MU,moderate rain,2021-04-18 18:43:05
255,Ostrovnoy,68.0531,39.5131,30.42,84,100,18.03,RU,overcast clouds,2021-04-18 18:43:41
256,Shubarkuduk,49.1447,56.4872,55.87,82,100,4.85,KZ,overcast clouds,2021-04-18 18:43:41
257,Tuskegee,32.424,-85.6916,73.0,45,49,5.01,US,scattered clouds,2021-04-18 18:43:41
258,Dera Bugti,29.0307,69.151,83.48,16,99,2.71,PK,overcast clouds,2021-04-18 18:43:42
259,Nsanje,-16.92,35.262,65.59,90,46,4.25,MW,scattered clouds,2021-04-18 18:43:42
260,Mae Sai,20.4335,99.8762,73.99,100,20,3.44,TH,few clouds,2021-04-18 18:43:45
261,Neuquen,-38.9516,-68.0591,77.0,57,40,5.75,AR,scattered clouds,2021-04-18 18:43:46
262,Raudeberg,61.9875,5.1352,50.0,53,0,4.61,NO,clear sky,2021-04-18 18:43:46
263,Abha,18.2164,42.5053,68.0,55,20,12.82,SA,few clouds,2021-04-18 18:43:46
264,Soyo,-6.1349,12.3689,81.21,86,100,5.99,AO,overcast clouds,2021-04-18 18:43:47
265,Flinders,-34.5833,150.8552,53.01,86,2,1.01,AU,clear sky,2021-04-18 18:43:47
266,Parainen,60.3067,22.301,51.8,32,0,3.44,FI,clear sky,2021-04-18 18:43:48
267,Cayenne,4.9333,-52.3333,82.4,74,75,12.66,GF,broken clouds,2021-04-18 18:43:48
268,Rocha,-34.4833,-54.3333,72.66,68,2,9.26,UY,clear sky,2021-04-18 18:40:26
269,Ituporanga,-27.4144,-49.6025,78.01,77,55,5.99,BR,broken clouds,2021-04-18 18:43:48
270,Georgetown,5.4112,100.3354,82.99,83,20,3.44,MY,few clouds,2021-04-18 18:43:18
271,Hokitika,-42.7167,170.9667,52.56,88,65,3.4,NZ,broken clouds,2021-04-18 18:43:49
272,Grand Gaube,-20.0064,57.6608,77.0,86,100,5.99,MU,light rain,2021-04-18 18:43:49
273,Castelnaudary,43.3183,1.9545,55.4,44,0,9.22,FR,clear sky,2021-04-18 18:43:50
274,Maragogi,-9.0122,-35.2225,78.13,85,100,6.31,BR,overcast clouds,2021-04-18 18:43:50
275,Cuenca,-2.8833,-78.9833,71.6,46,75,5.75,EC,light rain,2021-04-18 18:43:50
276,Cupseni,47.55,23.9333,48.2,81,90,2.3,RO,overcast clouds,2021-04-18 18:43:52
277,Novobelokatay,55.7062,58.9549,30.09,47,0,13.33,RU,clear sky,2021-04-18 18:43:52
278,Dingle,10.9995,122.6711,77.58,75,100,3.94,PH,moderate rain,2021-04-18 18:43:52
279,Paita,-5.0892,-81.1144,78.8,61,40,9.22,PE,scattered clouds,2021-04-18 18:43:53
280,Jiujiang,29.7333,115.9833,59.14,62,56,3.62,CN,broken clouds,2021-04-18 18:43:53
281,Belaya Gora,68.5333,146.4167,-1.5,99,56,3.4,RU,broken clouds,2021-04-18 18:43:54
282,Burns Lake,54.2331,-125.7533,48.2,31,6,11.5,CA,clear sky,2021-04-18 18:42:14
283,Shahreza,32.0339,51.8794,58.42,48,84,4.76,IR,broken clouds,2021-04-18 18:43:54
284,Cozumel,20.5083,-86.9458,87.8,66,75,12.66,MX,broken clouds,2021-04-18 18:43:54
285,Kodinar,20.7903,70.7031,80.56,71,1,12.53,IN,clear sky,2021-04-18 18:43:55
286,Boden,65.8252,21.6886,35.6,80,0,4.61,SE,clear sky,2021-04-18 18:43:55
287,Kapit,2.0167,112.9333,69.4,99,100,1.03,MY,overcast clouds,2021-04-18 18:43:55
288,Casas Grandes,30.3667,-107.95,60.01,34,5,4.0,MX,clear sky,2021-04-18 18:43:56
289,Mackay,-21.15,149.2,71.6,94,75,9.22,AU,broken clouds,2021-04-18 18:43:56
290,San Patricio,28.017,-97.5169,62.01,59,90,16.11,US,overcast clouds,2021-04-18 18:43:56
291,Kuytun,54.3419,101.5036,28.9,68,100,2.21,RU,overcast clouds,2021-04-18 18:43:57
292,Mana,5.6592,-53.7767,82.47,65,100,10.33,GF,overcast clouds,2021-04-18 18:43:57
293,Margate,51.3813,1.3862,46.99,77,98,1.01,GB,overcast clouds,2021-04-18 18:43:57
294,Westlock,54.1502,-113.8688,42.8,45,100,14.97,CA,overcast clouds,2021-04-18 18:43:57
295,Mityana,0.4175,32.0228,73.4,78,20,4.61,UG,few clouds,2021-04-18 18:43:58
296,Indramayu,-6.3264,108.32,78.8,80,87,6.4,ID,overcast clouds,2021-04-18 18:43:58
297,Abu Dhabi,24.4667,54.3667,80.6,47,0,3.44,AE,clear sky,2021-04-18 18:39:03
298,Pangnirtung,66.1451,-65.7125,17.6,67,40,6.91,CA,scattered clouds,2021-04-18 18:43:59
299,San Vicente,-26.6167,-54.1333,79.88,38,0,5.1,AR,light rain,2021-04-18 18:43:59
300,Hasaki,35.7333,140.8333,53.6,37,0,6.91,JP,clear sky,2021-04-18 18:39:13
301,Arnedo,42.2167,-2.1,62.6,39,0,1.14,ES,clear sky,2021-04-18 18:43:59
302,Henties Bay,-22.116,14.2845,82.63,38,3,15.9,NA,clear sky,2021-04-18 18:44:00
303,San Jose,37.3394,-121.895,77.0,37,1,5.75,US,clear sky,2021-04-18 18:39:34
304,Lokosovo,61.1333,74.8167,8.35,88,72,10.49,RU,broken clouds,2021-04-18 18:44:00
305,Along,28.1667,94.7667,62.74,97,100,2.48,IN,overcast clouds,2021-04-18 18:44:01
306,Vila Velha,-20.3297,-40.2925,84.2,70,20,13.8,BR,few clouds,2021-04-18 18:41:27
307,Lasa,46.6166,10.7002,57.2,56,20,8.05,IT,few clouds,2021-04-18 18:44:01
308,Vestmanna,62.1564,-7.1664,44.6,81,75,5.75,FO,broken clouds,2021-04-18 18:44:01
309,Nelson Bay,-32.7167,152.15,53.01,100,40,6.91,AU,scattered clouds,2021-04-18 18:44:02
310,Awbari,26.5921,12.7805,79.99,29,100,11.27,LY,overcast clouds,2021-04-18 18:44:02
311,Vytegra,61.0064,36.4481,33.64,85,0,5.61,RU,clear sky,2021-04-18 18:44:02
312,Belmonte,-15.8631,-38.8828,82.4,69,20,13.8,BR,few clouds,2021-04-18 18:44:03
313,Oktyabrskoye,43.0645,44.7417,51.8,87,100,4.47,RU,overcast clouds,2021-04-18 18:44:03
314,Deqing,30.5448,119.9599,53.01,78,28,1.01,CN,scattered clouds,2021-04-18 18:44:03
315,Itoman,26.1247,127.6694,64.4,63,75,12.66,JP,broken clouds,2021-04-18 18:44:04
316,Whitehorse,60.7161,-135.0538,46.4,39,1,10.36,CA,clear sky,2021-04-18 18:44:04
317,Kaitangata,-46.2817,169.8464,55.99,68,86,1.99,NZ,overcast clouds,2021-04-18 18:43:51
318,Merauke,-8.4667,140.3333,76.06,93,100,7.96,ID,light rain,2021-04-18 18:44:05
319,Touros,-5.1989,-35.4608,78.8,89,75,19.57,BR,broken clouds,2021-04-18 18:44:05
320,Itapecerica,-20.4725,-45.1256,78.37,52,54,4.59,BR,broken clouds,2021-04-18 18:44:05
321,Namatanai,-3.6667,152.4333,80.42,81,95,6.06,PG,overcast clouds,2021-04-18 18:44:06
322,Kirkuk,35.4681,44.3922,74.93,34,19,6.55,IQ,few clouds,2021-04-18 18:44:06
323,Fayaoue,-20.65,166.5333,77.86,82,29,7.9,NC,scattered clouds,2021-04-18 18:43:56
324,Carmen,18.6333,-91.8333,87.8,62,40,6.91,MX,scattered clouds,2021-04-18 18:44:06
325,Daru,-9.0763,143.2092,76.5,92,100,10.07,PG,overcast clouds,2021-04-18 18:44:07
326,Wamba,8.9333,8.6,85.1,49,86,1.32,NG,overcast clouds,2021-04-18 18:44:07
327,Adalaj,23.1667,72.5833,82.4,30,33,4.61,IN,smoke,2021-04-18 18:44:07
328,Prince Rupert,54.3161,-130.3201,55.4,62,1,2.3,CA,clear sky,2021-04-18 18:43:08
329,General Roca,-39.0333,-67.5833,77.0,57,40,5.75,AR,scattered clouds,2021-04-18 18:44:08
330,Saint-Pierre,-21.3393,55.4781,75.2,78,90,11.5,RE,overcast clouds,2021-04-18 18:44:08
331,Grindavik,63.8424,-22.4338,37.4,81,75,29.93,IS,light rain,2021-04-18 18:44:08
332,Port Lincoln,-34.7333,135.8667,57.67,82,0,7.61,AU,clear sky,2021-04-18 18:43:19
333,Hami,42.8,93.45,60.6,26,54,11.74,CN,broken clouds,2021-04-18 18:44:09
334,Camalu,30.85,-116.0667,81.0,10,0,8.01,MX,clear sky,2021-04-18 18:44:10
335,Sao Joao Do Piaui,-8.3581,-42.2467,86.36,50,100,4.56,BR,overcast clouds,2021-04-18 18:44:11
336,Sobolevo,54.4299,31.8996,42.51,86,80,8.93,RU,broken clouds,2021-04-18 18:44:11
337,Pemangkat,1.1667,108.9667,77.97,82,91,4.38,ID,overcast clouds,2021-04-18 18:44:11
338,Bagotville,-28.9833,153.4167,59.0,82,40,9.22,AU,scattered clouds,2021-04-18 18:44:11
339,Shahr-E Kord,32.3256,50.8644,48.2,57,20,4.61,IR,few clouds,2021-04-18 18:44:12
340,Predivinsk,57.0669,93.4378,29.26,85,100,6.87,RU,overcast clouds,2021-04-18 18:44:13
341,Umba,66.6871,34.3429,32.61,82,100,10.8,RU,overcast clouds,2021-04-18 18:44:13
342,Quatre Cocos,-20.2078,57.7625,77.0,100,75,11.5,MU,light rain,2021-04-18 18:44:14
343,Hongjiang,27.11,109.9956,56.7,98,100,1.83,CN,overcast clouds,2021-04-18 18:44:14
344,Marsh Harbour,26.5412,-77.0636,80.31,71,97,12.03,BS,overcast clouds,2021-04-18 18:44:14
345,Novobiryusinskiy,56.9578,97.7076,24.42,94,88,5.46,RU,overcast clouds,2021-04-18 18:44:15
346,Belfast,54.5833,-5.9333,50.0,81,90,8.05,GB,overcast clouds,2021-04-18 18:43:43
347,Nizwa,22.9333,57.5333,83.01,23,100,4.03,OM,overcast clouds,2021-04-18 18:44:15
348,Salalah,17.0151,54.0924,82.4,78,0,3.44,OM,clear sky,2021-04-18 18:44:16
349,Karratha,-20.7377,116.8463,79.39,64,0,7.2,AU,clear sky,2021-04-18 18:44:16
350,Lebu,-37.6167,-73.65,62.6,70,63,13.51,CL,broken clouds,2021-04-18 18:43:23
351,Pisco,-13.7,-76.2167,71.6,73,0,6.91,PE,clear sky,2021-04-18 18:44:16
352,Nabire,-3.3667,135.4833,74.88,92,100,3.78,ID,overcast clouds,2021-04-18 18:44:17
353,Upata,8.0086,-62.3989,91.99,54,100,4.0,VE,overcast clouds,2021-04-18 18:44:17
354,Pedernales,18.0384,-71.744,89.49,42,26,16.6,DO,scattered clouds,2021-04-18 18:44:18
355,Longhua,23.6137,114.1919,66.61,93,100,1.16,CN,overcast clouds,2021-04-18 18:44:18
356,Zalantun,48.0,122.7167,42.55,74,0,9.53,CN,clear sky,2021-04-18 18:44:18
357,Svetlaya,46.5389,138.3297,41.27,80,100,5.17,RU,overcast clouds,2021-04-18 18:44:19
358,Azangaro,-14.9167,-70.2167,62.6,20,20,11.5,PE,few clouds,2021-04-18 18:44:19
359,Ginda,30.6945,78.4932,50.11,50,3,8.16,IN,clear sky,2021-04-18 18:44:19
360,Saint-Augustin,51.226,-58.6502,37.08,93,100,21.03,CA,overcast clouds,2021-04-18 18:44:20
361,Khatanga,71.9667,102.5,-0.62,96,100,8.1,RU,overcast clouds,2021-04-18 18:44:20
362,Puerto Leguizamo,-0.1934,-74.7819,88.2,58,77,2.15,CO,broken clouds,2021-04-18 18:44:08
363,Oranjestad,12.524,-70.027,87.8,62,40,24.16,AW,scattered clouds,2021-04-18 18:40:48
364,Khanu Woralaksaburi,16.0617,99.8606,78.64,79,51,3.0,TH,light rain,2021-04-18 18:44:21
365,Kosh-Agach,50.0,88.6667,29.34,58,10,2.51,RU,clear sky,2021-04-18 18:44:22
366,Mugumu,-1.85,34.7,60.91,86,92,4.81,TZ,overcast clouds,2021-04-18 18:44:22
367,Aksarka,66.5606,67.7975,-2.9,91,100,4.27,RU,overcast clouds,2021-04-18 18:44:22
368,Nome,64.5011,-165.4064,35.6,64,1,10.36,US,clear sky,2021-04-18 18:44:23
369,Lorengau,-2.0226,147.2712,80.98,81,100,8.3,PG,overcast clouds,2021-04-18 18:44:23
370,Bonnyville,54.2668,-110.735,41.0,38,75,8.05,CA,broken clouds,2021-04-18 18:44:23
371,Coquimbo,-29.9533,-71.3436,59.0,82,75,11.5,CL,broken clouds,2021-04-18 18:44:15
372,Lompoc,34.6391,-120.4579,75.99,52,0,6.91,US,clear sky,2021-04-18 18:39:28
373,Yulara,-25.2406,130.9889,53.6,54,0,5.75,AU,clear sky,2021-04-18 18:44:24
374,Prince George,53.9166,-122.753,51.01,34,1,21.85,CA,clear sky,2021-04-18 18:44:24
375,Itaituba,-4.2761,-55.9836,77.0,94,20,2.28,BR,few clouds,2021-04-18 18:44:25
376,Diffa,13.3154,12.6113,91.71,6,100,5.48,NE,overcast clouds,2021-04-18 18:44:25
377,Quelimane,-17.8786,36.8883,75.2,78,20,8.05,MZ,few clouds,2021-04-18 18:44:25
378,Solnechnyy,50.7214,136.6319,36.82,92,100,8.28,RU,overcast clouds,2021-04-18 18:44:26
379,Aklavik,68.2191,-135.0107,41.0,48,1,13.8,CA,clear sky,2021-04-18 18:44:26
380,Roald,62.5833,6.1333,50.0,66,0,3.44,NO,clear sky,2021-04-18 18:44:26
381,Sassandra,4.95,-6.0833,80.47,76,100,7.65,CI,overcast clouds,2021-04-18 18:44:27
382,Ndioum,16.5129,-14.6471,104.0,16,0,2.3,SN,clear sky,2021-04-18 18:44:27
383,Maues,-3.3836,-57.7186,72.84,98,100,4.43,BR,heavy intensity rain,2021-04-18 18:44:27
384,Xai-Xai,-25.0519,33.6442,65.41,68,36,6.98,MZ,scattered clouds,2021-04-18 18:44:28
385,Praia Da Vitoria,38.7333,-27.0667,66.99,72,40,10.85,PT,scattered clouds,2021-04-18 18:44:28
386,Mundo Nuevo,18.7,-95.5,75.61,76,100,19.73,MX,overcast clouds,2021-04-18 18:44:28
387,Kampong Chhnang,12.1667,104.55,78.58,81,100,0.18,KH,overcast clouds,2021-04-18 18:44:29
388,Macenta,8.5435,-9.471,80.2,52,78,2.35,GN,broken clouds,2021-04-18 18:44:29
389,Sur,22.5667,59.5289,82.49,59,100,8.57,OM,overcast clouds,2021-04-18 18:44:29
390,Ancud,-41.8697,-73.8203,53.6,100,90,8.05,CL,light rain,2021-04-18 18:44:02
391,Savonlinna,61.8699,28.88,41.0,56,0,1.14,FI,clear sky,2021-04-18 18:44:30
392,Norfolk,42.1668,-71.2495,59.0,55,100,3.0,US,overcast clouds,2021-04-18 18:44:30
393,Honiara,-9.4333,159.95,77.5,87,99,3.44,SB,overcast clouds,2021-04-18 18:44:30
394,Baker City,44.7749,-117.8344,64.0,27,1,5.75,US,clear sky,2021-04-18 18:42:13
395,Luanda,-8.8368,13.2343,84.2,74,40,9.22,AO,scattered clouds,2021-04-18 18:44:28
396,Middelburg,-25.7751,29.4648,57.76,47,3,6.02,ZA,clear sky,2021-04-18 18:44:31
397,Nkhata Bay,-11.6066,34.2907,71.15,81,100,7.25,MW,light rain,2021-04-18 18:44:31
398,Antofagasta,-23.65,-70.4,71.01,68,20,13.8,CL,few clouds,2021-04-18 18:42:08
399,Japura,-0.3167,102.35,73.15,96,81,1.1,ID,broken clouds,2021-04-18 18:44:32
400,Paso De Carrasco,-34.8603,-56.0522,77.0,53,40,6.91,UY,scattered clouds,2021-04-18 18:44:32
401,Srednekolymsk,67.45,153.6833,10.15,85,12,10.49,RU,few clouds,2021-04-18 18:44:32
402,Lannion,48.75,-3.4167,50.0,62,0,8.05,FR,clear sky,2021-04-18 18:44:33
403,Guerrero Negro,27.9769,-114.0611,67.42,58,4,13.22,MX,clear sky,2021-04-18 18:44:33
404,Kharan,28.5833,65.4167,80.96,13,75,1.07,PK,broken clouds,2021-04-18 18:44:23
405,Varhaug,58.6147,5.6457,50.0,58,3,7.2,NO,clear sky,2021-04-18 18:44:34
406,Deputatskiy,69.3,139.9,-3.46,96,100,6.64,RU,overcast clouds,2021-04-18 18:44:34
407,Niquelandia,-14.4739,-48.4597,81.18,60,71,4.63,BR,broken clouds,2021-04-18 18:44:35
408,Buncrana,55.1333,-7.45,53.6,82,75,9.22,IE,broken clouds,2021-04-18 18:44:36
409,Mehamn,71.0357,27.8492,37.4,75,0,10.36,NO,clear sky,2021-04-18 18:44:37
410,Veere,51.5483,3.6667,46.4,76,8,8.05,NL,clear sky,2021-04-18 18:44:37
411,Acarau,-2.8856,-40.12,81.91,77,100,12.26,BR,overcast clouds,2021-04-18 18:44:38
412,Tutoia,-2.7619,-42.2744,87.8,70,75,18.41,BR,broken clouds,2021-04-18 18:44:38
413,Cockburn Town,21.4612,-71.1419,82.4,69,1,11.5,TC,clear sky,2021-04-18 18:44:38
414,Nushki,29.5542,66.0215,76.23,13,100,4.21,PK,overcast clouds,2021-04-18 18:44:39
415,Keroka,-0.7758,34.9453,54.46,94,100,3.47,KE,overcast clouds,2021-04-18 18:44:40
416,Lima,-12.0432,-77.0282,72.0,73,20,5.75,PE,few clouds,2021-04-18 18:41:17
417,Kpandae,8.4689,-0.0113,83.12,64,100,13.33,GH,overcast clouds,2021-04-18 18:44:40
418,Almaznyy,48.0448,40.045,50.0,76,20,4.47,RU,few clouds,2021-04-18 18:44:41
419,Tuatapere,-46.1333,167.6833,54.0,84,37,5.01,NZ,scattered clouds,2021-04-18 18:44:41
420,Fukue,32.6881,128.8419,56.68,52,0,14.52,JP,clear sky,2021-04-18 18:44:41
421,Batagay-Alyta,67.8006,130.4114,10.72,96,100,6.53,RU,light snow,2021-04-18 18:44:42
422,Dalianwan,39.0286,121.695,60.8,31,0,17.9,CN,clear sky,2021-04-18 18:44:42
423,Butterworth,5.3991,100.3638,82.99,83,20,3.44,MY,few clouds,2021-04-18 18:44:42
424,Narsaq,60.9167,-46.05,30.2,29,26,9.22,GL,scattered clouds,2021-04-18 18:44:43
425,Capaci,38.1711,13.2393,54.0,66,40,10.36,IT,scattered clouds,2021-04-18 18:44:43
426,Baruun-Urt,46.6806,113.2792,38.82,28,2,12.8,MN,clear sky,2021-04-18 18:44:43
427,Saint-Joseph,-21.3667,55.6167,75.2,78,90,11.5,RE,overcast clouds,2021-04-18 18:44:44
428,Floro,61.5996,5.0328,50.0,53,1,4.61,NO,clear sky,2021-04-18 18:44:44
429,Bundi,25.4417,75.6417,85.82,15,6,2.46,IN,clear sky,2021-04-18 18:44:44
430,Kargasok,59.0556,80.8572,12.49,86,100,18.12,RU,overcast clouds,2021-04-18 18:44:44
431,Xinyang,32.1228,114.0656,54.21,64,2,4.61,CN,clear sky,2021-04-18 18:44:45
432,Wanganui,-39.9333,175.05,53.01,81,33,3.0,NZ,scattered clouds,2021-04-18 18:44:45
433,Axim,4.8699,-2.2405,81.82,79,62,9.37,GH,broken clouds,2021-04-18 18:44:45
434,Frederikshavn,57.4407,10.5366,55.4,47,8,6.91,DK,clear sky,2021-04-18 18:44:46
435,Belomorsk,64.5232,34.7668,33.94,65,6,4.21,RU,clear sky,2021-04-18 18:44:46
436,Ugoofaaru,5.6667,73.0,84.52,72,100,8.1,MV,overcast clouds,2021-04-18 18:44:46
437,Cap Malheureux,-19.9842,57.6142,77.0,86,100,5.01,MU,light rain,2021-04-18 18:44:47
438,Severo-Kurilsk,50.6789,156.125,34.41,90,100,24.27,RU,overcast clouds,2021-04-18 18:44:47
439,Port Hedland,-20.3167,118.5667,71.6,73,2,4.61,AU,clear sky,2021-04-18 18:44:47
440,Ambilobe,-13.2,49.05,75.0,84,84,4.29,MG,broken clouds,2021-04-18 18:44:48
441,Tiarei,-17.5333,-149.3333,82.4,69,20,2.3,PF,few clouds,2021-04-18 18:44:48
442,Dinar,38.065,30.1656,60.8,67,75,16.11,TR,broken clouds,2021-04-18 18:44:48
443,Warrington,53.3925,-2.5802,55.99,62,0,6.91,GB,clear sky,2021-04-18 18:44:49
444,The Valley,18.217,-63.0578,86.0,65,20,12.66,AI,few clouds,2021-04-18 18:44:49
445,Dicabisagan,17.0818,122.4157,73.98,89,100,17.09,PH,overcast clouds,2021-04-18 18:44:49
446,Necochea,-38.5473,-58.7368,72.0,76,100,15.01,AR,overcast clouds,2021-04-18 18:44:50
447,Kurilsk,45.2333,147.8833,38.08,96,82,15.41,RU,broken clouds,2021-04-18 18:44:50
448,Carutapera,-1.195,-46.02,79.59,90,100,5.5,BR,moderate rain,2021-04-18 18:44:50
449,Mogadishu,2.0371,45.3438,83.53,72,82,11.61,SO,broken clouds,2021-04-18 18:44:51
450,Filadelfia,39.9523,-75.1638,64.0,39,75,4.61,US,broken clouds,2021-04-18 18:41:16
451,Alofi,-19.0595,-169.9187,69.8,100,45,1.14,NU,scattered clouds,2021-04-18 18:44:51
452,Dali,25.7,100.1833,53.42,72,0,6.11,CN,clear sky,2021-04-18 18:44:51
453,Bosansko Grahovo,44.1794,16.3639,30.0,87,99,1.99,BA,overcast clouds,2021-04-18 18:44:52
454,Esso,55.9333,158.7,27.3,93,100,0.96,RU,overcast clouds,2021-04-18 18:43:38
455,Jinka,5.65,36.65,62.24,94,100,3.96,ET,light rain,2021-04-18 18:44:52
456,Songjianghe,42.1859,127.479,34.75,65,5,7.11,CN,clear sky,2021-04-18 18:44:52
457,Maroantsetra,-15.4333,49.7333,75.25,91,100,13.87,MG,moderate rain,2021-04-18 18:44:53
458,Mont-Dore,-22.2833,166.5833,75.99,99,67,4.27,NC,broken clouds,2021-04-18 18:44:53
459,Biak,-0.9131,122.8766,74.25,83,100,2.15,ID,light rain,2021-04-18 18:44:53
460,Wyndham,37.6985,-77.6125,66.2,37,75,3.44,US,broken clouds,2021-04-18 18:44:54
461,Gamba,-2.65,10.0,78.24,87,100,1.61,GA,light rain,2021-04-18 18:44:54
462,Purranque,-40.9167,-73.1667,60.8,92,90,13.8,CL,overcast clouds,2021-04-18 18:44:54
463,Okha,53.5739,142.9478,31.23,98,100,13.89,RU,overcast clouds,2021-04-18 18:44:55
464,Pokhara,28.2333,83.9833,66.38,30,3,7.16,NP,clear sky,2021-04-18 18:44:55
465,Kondinskoye,59.6481,67.41,18.93,63,47,8.63,RU,scattered clouds,2021-04-18 18:44:55
466,Vestmannaeyjar,63.4427,-20.2734,33.8,93,90,26.46,IS,snow,2021-04-18 18:44:56
467,Okato,-39.2,173.8833,52.0,80,100,4.0,NZ,overcast clouds,2021-04-18 18:44:56
468,Houma,29.5958,-90.7195,69.01,59,100,11.01,US,overcast clouds,2021-04-18 18:44:56
469,Carora,10.1755,-70.0827,98.31,20,100,18.05,VE,overcast clouds,2021-04-18 18:44:57
470,Cavalcante,-13.7975,-47.4583,79.45,60,70,2.1,BR,broken clouds,2021-04-18 18:44:57
471,Havoysund,70.9963,24.6622,41.0,70,0,9.22,NO,clear sky,2021-04-18 18:44:57
472,Dakoro,14.5106,6.765,91.36,5,13,6.91,NE,few clouds,2021-04-18 18:44:58
473,Korla,41.7597,86.1469,64.26,22,100,8.59,CN,overcast clouds,2021-04-18 18:44:58
474,Fenoarivo,-18.933,47.4354,60.8,82,75,10.36,MG,broken clouds,2021-04-18 18:44:58
475,Nishihara,26.1842,127.7558,64.4,63,75,12.66,JP,broken clouds,2021-04-18 18:44:59
476,Plettenberg Bay,-34.0527,23.3716,73.74,38,5,6.11,ZA,clear sky,2021-04-18 18:44:59
477,Chicama,-7.8447,-79.1469,66.2,88,40,11.5,PE,fog,2021-04-18 18:44:59
478,Hofn,64.2539,-15.2082,41.56,64,2,30.44,IS,clear sky,2021-04-18 18:45:00
479,Mocuba,-16.8392,36.9856,64.17,96,37,2.37,MZ,scattered clouds,2021-04-18 18:45:00
480,Sept-Iles,50.2001,-66.3821,41.0,65,75,8.05,CA,broken clouds,2021-04-18 18:45:00
481,Gusau,12.1628,6.6614,94.32,14,36,4.74,NG,scattered clouds,2021-04-18 18:45:01
482,Hervey Bay,-25.2986,152.8535,62.01,87,0,4.0,AU,clear sky,2021-04-18 18:45:01
483,Ginir,7.1333,40.7,59.22,86,100,5.37,ET,light rain,2021-04-18 18:45:01
484,Kerema,-7.9631,145.7785,75.99,86,100,5.66,PG,overcast clouds,2021-04-18 18:45:02
485,Kibala,9.1104,18.3463,94.51,19,99,2.44,TD,overcast clouds,2021-04-18 18:45:02
486,Phayao,19.25,100.25,71.53,93,3,2.55,TH,clear sky,2021-04-18 18:45:02
487,Luderitz,-26.6481,15.1594,77.27,42,19,6.71,NA,few clouds,2021-04-18 18:45:03
488,Xining,36.6167,101.7667,48.06,49,100,8.7,CN,overcast clouds,2021-04-18 18:43:35
489,Bawku,11.0616,-0.2417,79.56,66,94,21.97,GH,moderate rain,2021-04-18 18:45:03
490,Bonavista,48.6499,-53.1147,39.2,93,100,6.91,CA,light rain,2021-04-18 18:43:46
491,Port-Gentil,-0.7193,8.7815,82.4,83,20,5.75,GA,few clouds,2021-04-18 18:40:14
492,Ludvika,60.1496,15.1878,50.0,40,8,5.75,SE,clear sky,2021-04-18 18:45:04
493,Kavaratti,10.5669,72.642,84.02,70,100,3.31,IN,overcast clouds,2021-04-18 18:45:04
494,Negresti-Oas,47.8667,23.4333,48.99,81,90,2.3,RO,overcast clouds,2021-04-18 18:45:04
495,Aberdeen,57.1437,-2.0981,48.2,57,88,12.66,GB,light rain,2021-04-18 18:44:15
496,Nuuk,64.1835,-51.7216,23.0,63,75,10.36,GL,broken clouds,2021-04-18 18:45:05
497,Rawson,-43.3002,-65.1023,75.51,37,100,18.12,AR,overcast clouds,2021-04-18 18:45:05
498,Talaya,61.3833,152.75,9.01,99,88,1.72,RU,overcast clouds,2021-04-18 18:45:05
499,Arroyo,41.6096,-4.7969,55.4,50,0,6.91,ES,clear sky,2021-04-18 18:45:06
500,Kindu,-2.95,25.95,72.21,96,100,3.49,CD,overcast clouds,2021-04-18 18:45:06
501,Werda,-25.2667,23.2833,69.22,35,100,5.68,BW,overcast clouds,2021-04-18 18:45:06
502,Iralaya,15.0,-83.2333,89.6,70,75,11.5,HN,broken clouds,2021-04-18 18:45:07
503,Swellendam,-34.0226,20.4417,68.0,52,7,8.05,ZA,clear sky,2021-04-18 18:45:07
504,Nanortalik,60.1432,-45.2371,28.15,53,14,14.18,GL,few clouds,2021-04-18 18:45:07
505,Copiapo,-27.3667,-70.3333,68.0,60,0,9.22,CL,clear sky,2021-04-18 18:45:08
506,Coffs Harbour,-30.3,153.1333,55.4,88,0,6.91,AU,clear sky,2021-04-18 18:45:08
507,Yarmouth,41.7057,-70.2286,54.0,54,40,4.5,US,scattered clouds,2021-04-18 18:41:42
508,Agadez,19.75,10.25,92.23,5,100,9.33,NE,overcast clouds,2021-04-18 18:45:08
509,Barsovo,61.1667,73.1667,10.4,67,40,13.42,RU,light snow,2021-04-18 18:45:09
510,Tchollire,8.4022,14.1698,91.87,25,77,4.34,CM,broken clouds,2021-04-18 18:45:09
511,Northam,51.0333,-4.2167,50.0,67,78,1.01,GB,broken clouds,2021-04-18 18:45:09
512,Mao,39.8885,4.2658,53.6,50,0,5.75,ES,clear sky,2021-04-18 18:45:10
513,Constitucion,-35.3333,-72.4167,64.17,65,100,6.73,CL,overcast clouds,2021-04-18 18:45:10
514,Khiri Mat,16.8333,99.8,81.0,99,13,2.26,TH,few clouds,2021-04-18 18:45:10
515,Sorland,67.667,12.6934,44.6,76,0,16.11,NO,clear sky,2021-04-18 18:45:11
516,Lagos,6.5833,3.75,77.0,88,20,4.61,NG,few clouds,2021-04-18 18:42:21
517,Espanola,35.9911,-106.0806,46.99,48,90,4.61,US,overcast clouds,2021-04-18 18:40:38
518,Mamlyutka,54.9375,68.5394,26.31,50,6,15.17,KZ,clear sky,2021-04-18 18:45:11
519,Buala,-8.145,159.5921,79.5,82,28,3.24,SB,light rain,2021-04-18 18:45:12
520,Vulcan,45.3833,23.2667,35.56,96,97,2.19,RO,overcast clouds,2021-04-18 18:45:12
521,Luganville,-15.5333,167.1667,79.29,83,66,2.77,VU,broken clouds,2021-04-18 18:45:13
522,Port Augusta,-32.5,137.7667,48.2,93,0,4.61,AU,clear sky,2021-04-18 18:45:13
523,Muli,2.9167,73.5667,83.57,62,97,8.08,MV,overcast clouds,2021-04-18 18:45:13
524,Kotelnikovo,47.6317,43.1461,50.63,88,100,1.9,RU,overcast clouds,2021-04-18 18:42:36
525,Cedar Lake,41.3648,-87.4411,61.0,33,40,4.61,US,scattered clouds,2021-04-18 18:42:08
526,Vilyuysk,63.7553,121.6247,1.67,98,100,2.44,RU,overcast clouds,2021-04-18 18:45:14
527,Bolobo,-2.1667,16.2333,75.94,87,97,3.13,CD,overcast clouds,2021-04-18 18:45:14
528,Castlemaine,-37.0667,144.2167,53.01,53,100,1.07,AU,overcast clouds,2021-04-18 18:45:14
529,Shelburne,44.0787,-80.2041,59.0,41,75,6.91,CA,broken clouds,2021-04-18 18:45:15
530,Rio Grande,-32.035,-52.0986,77.0,61,20,13.8,BR,few clouds,2021-04-18 18:44:49
531,Parabel,58.6978,81.4825,13.37,78,100,19.91,RU,overcast clouds,2021-04-18 18:45:15
532,Balykshi,47.0667,51.8667,60.8,51,40,4.47,KZ,scattered clouds,2021-04-18 18:45:15
533,Union,40.6334,-74.2663,62.6,34,90,5.75,US,overcast clouds,2021-04-18 18:41:15
534,Najran,17.4924,44.1277,78.8,19,0,6.91,SA,clear sky,2021-04-18 18:42:10
535,Viareggio,43.8735,10.2558,52.0,62,40,6.91,IT,scattered clouds,2021-04-18 18:45:16
536,Bathsheba,13.2167,-59.5167,86.0,51,40,24.16,BB,scattered clouds,2021-04-18 18:45:16
537,Sydney,-33.8679,151.2073,55.4,88,0,8.05,AU,clear sky,2021-04-18 18:43:12
538,Portland,45.5234,-122.6762,73.0,33,62,1.99,US,broken clouds,2021-04-18 18:41:26
539,Yar-Sale,66.8333,70.8333,-6.36,99,91,8.05,RU,overcast clouds,2021-04-18 18:45:17
540,Payo,-3.7508,103.6372,72.01,98,100,1.45,ID,overcast clouds,2021-04-18 18:45:17
541,Hyeres,43.1167,6.1167,55.4,62,16,2.3,FR,few clouds,2021-04-18 18:42:10
542,Kasongo,-4.45,26.6667,70.25,95,100,3.47,CD,overcast clouds,2021-04-18 18:45:18
543,Shahpur,16.7,76.8333,90.82,29,7,10.07,IN,clear sky,2021-04-18 18:45:18
544,Sao Gabriel Da Cachoeira,-0.1303,-67.0892,86.0,70,75,2.3,BR,broken clouds,2021-04-18 18:44:04
545,Tilichiki,60.4667,166.1,24.53,86,100,2.17,RU,overcast clouds,2021-04-18 18:45:18
546,Ban Nahin,18.2418,104.2122,74.5,92,96,1.83,LA,overcast clouds,2021-04-18 18:45:19
547,Lata,40.1629,-8.3327,66.0,59,0,5.75,PT,clear sky,2021-04-18 18:45:19
548,Faya,18.3851,42.4509,68.0,55,20,13.85,SA,few clouds,2021-04-18 18:45:20
549,Turukhansk,65.8167,87.9833,11.64,82,100,13.51,RU,overcast clouds,2021-04-18 18:43:01
550,Port-De-Bouc,43.4,4.9833,57.2,44,0,13.8,FR,clear sky,2021-04-18 18:45:20
551,Zhigansk,66.7697,123.3711,-1.39,99,99,2.51,RU,overcast clouds,2021-04-18 18:45:20
552,Maceio,-9.6658,-35.7353,78.8,83,75,11.5,BR,broken clouds,2021-04-18 18:40:42
553,Trincomalee,8.5711,81.2335,80.2,80,61,7.56,LK,broken clouds,2021-04-18 18:45:21
554,Jutai,-5.1833,-68.9,73.67,98,100,2.86,BR,overcast clouds,2021-04-18 18:45:21
555,Coihaique,-45.5752,-72.0662,53.6,82,75,3.44,CL,light rain,2021-04-18 18:43:55
556,Oranjemund,-28.55,16.4333,69.93,56,89,2.04,NA,overcast clouds,2021-04-18 18:45:22
557,Sulangan,11.1373,123.7228,77.99,86,100,26.53,PH,moderate rain,2021-04-18 18:45:22
558,Ust-Nera,64.5667,143.2,-0.89,91,55,3.71,RU,broken clouds,2021-04-18 18:45:24
559,Balaka,-14.9793,34.9558,63.07,85,74,4.88,MW,broken clouds,2021-04-18 18:45:24
560,Hanyang,32.1371,105.5126,54.19,87,100,1.25,CN,overcast clouds,2021-04-18 18:45:24
561,Sawtell,-30.3833,153.1,55.4,88,0,6.91,AU,clear sky,2021-04-18 18:45:24
562,Marawi,7.9986,124.2928,73.99,87,94,4.0,PH,overcast clouds,2021-04-18 18:45:25
563,Manhattan,40.7834,-73.9662,62.6,39,90,4.61,US,overcast clouds,2021-04-18 18:42:29
564,Myaundzha,63.0494,147.1858,13.78,95,100,2.3,RU,overcast clouds,2021-04-18 18:45:25
565,Miles City,46.4083,-105.8406,53.6,37,1,13.8,US,clear sky,2021-04-18 18:45:26
566,Port Blair,11.6667,92.75,81.18,76,58,7.72,IN,broken clouds,2021-04-18 18:45:26
567,Sorsk,54.0033,90.2467,33.57,81,100,11.74,RU,overcast clouds,2021-04-18 18:45:26
568,Kadyy,57.787,43.1903,40.01,78,100,9.62,RU,overcast clouds,2021-04-18 18:45:27
569,Gambela,8.25,34.5833,84.83,38,73,1.92,ET,broken clouds,2021-04-18 18:45:27
570,Chimbote,-9.0853,-78.5783,72.95,73,24,10.98,PE,few clouds,2021-04-18 18:45:28
571,Mala Tokmachka,47.5356,35.8929,51.8,46,0,7.02,UA,clear sky,2021-04-18 18:45:28
572,Ilulissat,69.2167,-51.1,14.0,41,71,2.3,GL,broken clouds,2021-04-18 18:45:28
573,Ketchikan,55.3422,-131.6461,51.8,62,1,11.5,US,clear sky,2021-04-18 18:45:11
574,La Maddalena,41.2142,9.4083,50.0,81,75,6.91,IT,broken clouds,2021-04-18 18:45:29
575,Koungheul,13.9833,-14.8,101.46,10,14,4.81,SN,few clouds,2021-04-18 18:45:29
576,Fort Abbas,29.1925,72.8536,83.86,18,34,6.53,PK,scattered clouds,2021-04-18 18:45:29
577,Viedma,-40.8135,-62.9967,75.47,58,18,18.9,AR,few clouds,2021-04-18 18:45:30
578,Bud,39.447,-86.1758,61.0,31,1,5.75,US,clear sky,2021-04-18 18:45:30
579,Mardin,37.3131,40.7436,77.0,31,0,9.22,TR,clear sky,2021-04-18 18:45:30
580,Mildura,-34.2,142.15,50.0,71,90,2.3,AU,overcast clouds,2021-04-18 18:45:31
581,Nantucket,41.2835,-70.0995,53.6,54,20,13.8,US,few clouds,2021-04-18 18:45:31
582,Broken Hill,-31.95,141.4333,50.0,66,61,1.77,AU,broken clouds,2021-04-18 18:45:31
583,Manta,-0.95,-80.7333,84.2,61,75,5.75,EC,broken clouds,2021-04-18 18:45:32
584,Kirov,58.5966,49.6601,30.4,72,13,9.44,RU,few clouds,2021-04-18 18:42:26
585,Nizhniy Odes,63.6445,54.856,20.8,82,23,3.31,RU,few clouds,2021-04-18 18:45:32
586,Celestun,20.8667,-90.4,84.78,73,32,16.04,MX,scattered clouds,2021-04-18 18:45:32
587,Remeti,47.9833,23.6333,48.99,81,90,2.3,RO,overcast clouds,2021-04-18 18:45:33
588,College,64.8569,-147.8028,46.4,45,40,3.44,US,scattered clouds,2021-04-18 18:43:50
589,Calvinia,-31.4707,19.776,73.8,28,63,3.18,ZA,broken clouds,2021-04-18 18:43:13
590,Fort Saint James,54.4333,-124.25,45.36,50,7,12.06,CA,clear sky,2021-04-18 18:45:33
591,Dundee,56.5,-2.9667,50.0,71,40,6.91,GB,scattered clouds,2021-04-18 18:45:34
592,Zhangye,38.9342,100.4517,55.96,16,100,1.25,CN,overcast clouds,2021-04-18 18:45:07
593,Anadyr,64.75,177.4833,19.4,86,20,6.71,RU,few clouds,2021-04-18 18:45:35
594,Kisangani,0.5167,25.2,73.47,90,97,1.23,CD,overcast clouds,2021-04-18 18:45:35
595,Ayorou,14.7308,0.9174,97.23,17,93,7.61,NE,overcast clouds,2021-04-18 18:45:36
596,Cabra,37.4725,-4.4421,69.8,28,0,2.3,ES,clear sky,2021-04-18 18:45:36
597,Nhulunbuy,-12.2333,136.7667,78.8,83,100,8.05,AU,overcast clouds,2021-04-18 18:45:36
598,Kodinsk,58.6881,99.1844,21.54,93,100,5.55,RU,overcast clouds,2021-04-18 18:45:37
599,Pakxe,15.1167,105.7833,82.0,64,42,1.97,LA,scattered clouds,2021-04-18 18:45:37
600,Santa Fe,-31.6333,-60.7,84.99,51,88,5.99,AR,overcast clouds,2021-04-18 18:45:37
601,Mnogovershinnyy,53.9353,139.9242,28.13,94,100,5.88,RU,overcast clouds,2021-04-18 18:45:37
602,Yarada,17.65,83.2667,82.56,78,30,10.38,IN,scattered clouds,2021-04-18 18:45:38
603,Dzhebariki-Khaya,62.2167,135.8,20.66,90,100,6.33,RU,overcast clouds,2021-04-18 18:45:38
604,Basco,20.4487,121.9702,73.94,66,100,29.15,PH,overcast clouds,2021-04-18 18:45:38
605,Fez,34.0372,-4.9998,68.0,45,0,3.13,MA,clear sky,2021-04-18 18:42:15
606,Ferme-Neuve,46.7001,-75.4493,57.2,41,100,4.61,CA,overcast clouds,2021-04-18 18:45:39
607,Alugan,12.2188,125.4808,76.87,91,100,26.15,PH,heavy intensity rain,2021-04-18 18:45:39
608,Wejherowo,54.6057,18.2356,52.0,71,0,5.75,PL,clear sky,2021-04-18 18:45:40
609,Lar,26.2039,83.9717,83.55,17,0,8.3,IN,clear sky,2021-04-18 18:45:41
610,Sungaipenuh,-2.0833,101.3833,63.39,97,77,1.05,ID,broken clouds,2021-04-18 18:45:41
611,Tynda,55.1667,124.7167,19.62,72,100,11.3,RU,overcast clouds,2021-04-18 18:45:42
612,Aktau,43.65,51.2,51.8,87,20,4.47,KZ,few clouds,2021-04-18 18:45:42
613,Saint-Georges,12.0564,-61.7485,86.0,62,20,27.63,GD,few clouds,2021-04-18 18:45:42
614,Constantine,36.365,6.6147,46.4,71,20,6.91,DZ,few clouds,2021-04-18 18:45:43
615,Tsabong,-26.0217,22.401,72.09,34,5,7.87,BW,clear sky,2021-04-18 18:45:43
616,Kenai,60.5544,-151.2583,42.8,52,40,8.05,US,scattered clouds,2021-04-18 18:45:43
617,Chara,56.9064,118.2631,0.95,79,46,3.06,RU,scattered clouds,2021-04-18 18:45:43
618,Turbat,26.0023,63.044,83.08,31,64,3.33,PK,broken clouds,2021-04-18 18:45:44
619,Levokumka,44.2317,43.15,55.4,76,100,6.71,RU,overcast clouds,2021-04-18 18:45:44
620,Mizan Teferi,6.9833,35.5833,65.3,57,34,3.96,ET,scattered clouds,2021-04-18 18:45:44
621,Barayong,13.1,123.7167,75.09,95,100,11.25,PH,heavy intensity rain,2021-04-18 18:45:45
622,Bitkine,11.9801,18.2138,93.61,8,100,6.13,TD,overcast clouds,2021-04-18 18:45:45
623,Sheopur,25.6667,76.7,86.49,15,25,8.57,IN,scattered clouds,2021-04-18 18:45:45
624,Seymchan,62.8833,152.4333,10.69,92,100,0.81,RU,overcast clouds,2021-04-18 18:45:46
625,Little Current,45.9793,-81.9248,51.8,81,26,6.91,CA,scattered clouds,2021-04-18 18:45:46
626,Burgeo,47.6167,-57.6152,39.65,95,100,22.12,CA,overcast clouds,2021-04-18 18:44:08
627,Rorvik,64.8621,11.2373,50.0,50,0,12.46,NO,clear sky,2021-04-18 18:45:47
628,Coro,11.4045,-69.6734,87.94,57,81,23.31,VE,broken clouds,2021-04-18 18:45:47
629,Orange Cove,36.6244,-119.3137,79.0,38,0,3.0,US,clear sky,2021-04-18 18:45:47
630,Peterongan,-7.5394,112.2792,77.0,88,40,2.3,ID,scattered clouds,2021-04-18 18:45:48
631,Gejiu,23.306,103.1635,52.12,94,62,4.85,CN,broken clouds,2021-04-18 18:45:48
632,Ilhabela,-23.7781,-45.3581,74.62,81,45,5.91,BR,scattered clouds,2021-04-18 18:45:48
633,Tual,-5.6667,132.75,81.27,76,100,9.33,ID,overcast clouds,2021-04-18 18:45:49
634,Oyama,36.3,139.8,57.99,43,40,6.91,JP,scattered clouds,2021-04-18 18:45:49
635,Jamsa,61.8642,25.19,50.0,34,0,4.61,FI,clear sky,2021-04-18 18:45:49
636,Kattivakkam,13.2167,80.3167,84.2,84,20,6.91,IN,few clouds,2021-04-18 18:45:50
637,Tevaitoa,-16.7833,-151.5,82.2,70,21,13.78,PF,few clouds,2021-04-18 18:45:50
638,Agirish,61.9247,63.0231,17.19,82,32,6.35,RU,scattered clouds,2021-04-18 18:45:50
639,Evans,33.5337,-82.1307,78.01,29,20,5.75,US,few clouds,2021-04-18 18:45:51
640,Genthin,52.4,12.1667,50.0,90,100,4.97,DE,moderate rain,2021-04-18 18:45:51
641,Balingen,48.2752,8.8546,44.01,77,86,1.14,DE,overcast clouds,2021-04-18 18:45:52
642,Ribas Do Rio Pardo,-20.4431,-53.7592,91.42,27,0,9.93,BR,clear sky,2021-04-18 18:45:52
643,Odweyne,9.4092,45.064,77.43,50,87,2.84,SO,light rain,2021-04-18 18:45:52
644,Kuusankoski,60.907,26.6244,50.0,34,0,6.91,FI,clear sky,2021-04-18 18:45:52
645,Kwekwe,-18.9281,29.8149,58.77,56,11,8.95,ZW,few clouds,2021-04-18 18:45:53
646,Vyshkov,52.4764,31.6873,48.2,76,0,4.47,RU,clear sky,2021-04-18 18:45:53
647,Hailar,49.2,119.7,32.25,42,0,17.67,CN,clear sky,2021-04-18 18:45:54
648,Santander,43.4647,-3.8044,55.4,58,0,6.91,ES,clear sky,2021-04-18 18:45:54
649,Traverse City,44.7631,-85.6206,51.8,35,20,9.22,US,few clouds,2021-04-18 18:45:54
650,Kamra,33.7473,73.5111,64.99,65,0,1.01,PK,clear sky,2021-04-18 18:45:55
651,Cantapoy,9.4906,125.4364,79.84,78,100,18.34,PH,light rain,2021-04-18 18:45:55
652,Abaete,-19.16,-45.4458,82.09,42,82,4.68,BR,broken clouds,2021-04-18 18:45:56
653,Keningau,5.3378,116.1602,78.8,83,20,5.75,MY,few clouds,2021-04-18 18:45:56
654,Jequitinhonha,-16.4339,-41.0033,83.14,55,51,5.48,BR,broken clouds,2021-04-18 18:45:57
655,Slonim,53.0867,25.3219,47.79,93,10,6.22,BY,clear sky,2021-04-18 18:45:57
656,Graaff-Reinet,-32.2522,24.5308,73.0,24,84,3.0,ZA,broken clouds,2021-04-18 18:41:13
657,Hirado,33.3597,129.5531,51.01,27,0,1.01,JP,clear sky,2021-04-18 18:45:58
658,Ballina,-28.8667,153.5667,59.0,82,40,9.22,AU,scattered clouds,2021-04-18 18:45:59
659,Comodoro Rivadavia,-45.8667,-67.5,75.2,23,0,19.57,AR,clear sky,2021-04-18 18:45:59
660,Harper,4.375,-7.7169,80.92,75,100,7.7,LR,overcast clouds,2021-04-18 18:45:59
661,Sioux Lookout,50.1001,-91.917,30.2,86,90,13.8,CA,snow,2021-04-18 18:46:00
662,Panalingaan,8.7842,117.4231,78.13,87,100,8.48,PH,light rain,2021-04-18 18:46:00
663,Jacqueville,5.2052,-4.4146,86.0,74,20,10.36,CI,few clouds,2021-04-18 18:46:00
664,Bryan,30.6744,-96.37,64.4,45,1,11.5,US,clear sky,2021-04-18 18:46:01
665,Teguise,29.0605,-13.564,68.0,60,20,18.41,ES,few clouds,2021-04-18 18:46:01
666,Magole,-6.3667,37.3667,71.6,94,75,0.72,TZ,broken clouds,2021-04-18 18:46:01
667,Woodward,36.4337,-99.3904,60.8,31,1,11.5,US,clear sky,2021-04-18 18:46:02
668,Bembereke,10.2283,2.6634,81.9,56,100,8.81,BJ,overcast clouds,2021-04-18 18:46:02
669,Tenenkou,14.4572,-4.9169,96.31,11,97,9.06,ML,overcast clouds,2021-04-18 18:46:02
670,Zapolyarnyy,69.4154,30.8136,39.2,65,0,3.44,RU,clear sky,2021-04-18 18:46:03
671,Hamilton,39.1834,-84.5333,64.99,29,1,6.91,US,clear sky,2021-04-18 18:42:05
672,Sisimiut,66.9395,-53.6735,20.48,65,100,14.63,GL,overcast clouds,2021-04-18 18:44:52
673,Bodaybo,57.8506,114.1933,9.07,95,100,2.68,RU,overcast clouds,2021-04-18 18:46:03
674,Unteni,47.8,26.7833,48.99,76,75,4.61,RO,broken clouds,2021-04-18 18:46:03
675,Canyon Lake,29.8752,-98.2625,66.0,44,83,10.69,US,broken clouds,2021-04-18 18:43:42
676,Gotsu,35.0,132.2167,47.03,73,0,9.24,JP,clear sky,2021-04-18 18:46:04
677,Placerville,38.7296,-120.7986,78.01,11,1,6.91,US,clear sky,2021-04-18 18:45:06
678,Kasongo-Lunda,-6.4667,16.8167,74.07,92,100,0.72,CD,overcast clouds,2021-04-18 18:45:02
679,Kathmandu,27.7167,85.3167,55.4,94,20,3.44,NP,few clouds,2021-04-18 18:45:14
680,Sinnamary,5.3833,-52.95,81.86,69,55,10.78,GF,broken clouds,2021-04-18 18:46:05
681,Mareeba,-17.0,145.4333,75.2,94,75,9.22,AU,broken clouds,2021-04-18 18:46:05
